{
  "HTTP Request (movies)" : {
    "transaction" : "HTTP Request (movies)",
    "sampleCount" : 1000,
    "errorCount" : 0,
    "errorPct" : 0.0,
    "meanResTime" : 2896.8520000000003,
    "medianResTime" : 2004.5,
    "minResTime" : 94.0,
    "maxResTime" : 23917.0,
    "pct1ResTime" : 5520.699999999998,
    "pct2ResTime" : 9675.999999999995,
    "pct3ResTime" : 15745.58,
    "throughput" : 7.72123261757507,
    "receivedKBytesPerSec" : 5.383750086863866,
    "sentKBytesPerSec" : 0.9576138109687831
  },
  "HTTP Request (Showtimes)" : {
    "transaction" : "HTTP Request (Showtimes)",
    "sampleCount" : 1000,
    "errorCount" : 0,
    "errorPct" : 0.0,
    "meanResTime" : 5817.4729999999945,
    "medianResTime" : 3712.0,
    "minResTime" : 182.0,
    "maxResTime" : 38555.0,
    "pct1ResTime" : 14622.499999999998,
    "pct2ResTime" : 20788.699999999993,
    "pct3ResTime" : 26786.84,
    "throughput" : 7.78688843724936,
    "receivedKBytesPerSec" : 8.342008413732957,
    "sentKBytesPerSec" : 2.714764816501974
  },
  "Total" : {
    "transaction" : "Total",
    "sampleCount" : 3000,
    "errorCount" : 0,
    "errorPct" : 0.0,
    "meanResTime" : 4096.972,
    "medianResTime" : 2698.5,
    "minResTime" : 94.0,
    "maxResTime" : 38555.0,
    "pct1ResTime" : 8825.200000000004,
    "pct2ResTime" : 14657.349999999999,
    "pct3ResTime" : 23723.98,
    "throughput" : 22.883993409409896,
    "receivedKBytesPerSec" : 18.30272519756514,
    "sentKBytesPerSec" : 5.735896785561725
  },
  "HTTP Request (Login)" : {
    "transaction" : "HTTP Request (Login)",
    "sampleCount" : 1000,
    "errorCount" : 0,
    "errorPct" : 0.0,
    "meanResTime" : 3576.590999999999,
    "medianResTime" : 2488.0,
    "minResTime" : 244.0,
    "maxResTime" : 18629.0,
    "pct1ResTime" : 8102.499999999996,
    "pct2ResTime" : 13048.699999999993,
    "pct3ResTime" : 17651.82,
    "throughput" : 7.644324853228962,
    "receivedKBytesPerSec" : 4.8224939992049904,
    "sentKBytesPerSec" : 2.135036042991683
  }
}